elapsed_s,gl_mtrack_mb,graphics_mb,total_pss_mb,focused
0,175.3,206.5,315.5,1
31,175.3,206.5,318.4,1
61,175.3,206.4,321.3,1
93,175.3,206.5,320.2,1
123,175.3,206.5,322.1,1
154,175.3,206.5,320.9,1
184,175.3,206.6,323.8,1
215,175.3,206.6,323.4,1
245,175.3,206.6,326.5,1
276,175.3,206.6,324.7,1
306,175.3,206.5,328.3,1
336,175.3,206.5,326.7,1
366,175.3,206.5,329.0,1
397,175.3,206.6,329.9,1
427,175.3,206.6,328.3,1
458,175.3,206.6,329.7,1
488,175.3,206.5,332.8,1
518,175.3,206.5,333.0,1
549,175.3,206.5,332.2,1
579,175.3,206.6,333.4,1
609,175.3,206.5,333.7,1
